track_id,observations,first_frame,last_frame,mean_x,mean_y,inside_ratio
0,1151,2,1162,17.09791,11.427017,0.9791485664639444
1,780,2,818,18.576479,3.8710685,0.8653846153846154
2,74,2,75,20.978636,12.469759,1.0
3,76,2,78,22.148478,9.378033,1.0
4,1144,2,1162,17.599253,7.4399276,0.9667832167832168
5,62,3,68,19.583553,8.093105,1.0
6,896,3,909,17.645092,10.191115,1.0
7,50,5,54,21.433487,12.779698,1.0
8,807,17,827,11.999626,5.7479663,1.0
9,236,18,275,19.656023,7.2930264,1.0
10,22,82,105,11.889669,9.067344,1.0
11,1035,112,1162,17.350088,8.354022,1.0
12,174,118,298,18.27023,7.6110754,1.0
13,509,125,659,19.42456,4.825659,1.0
14,971,134,1162,17.135271,8.122936,1.0
15,886,266,1162,19.377237,10.473847,0.9604966139954854
16,7,310,338,17.696032,15.426125,0.14285714285714285
17,489,312,807,14.622174,12.586658,0.9897750511247444
18,33,398,430,18.567617,-0.47921014,0.0
19,2,469,470,15.898769,7.5876217,1.0
20,495,667,1162,16.438227,4.4747505,1.0
21,3,737,739,18.213896,15.448197,0.0
22,7,815,840,18.180603,16.611322,0.0
23,291,872,1162,19.341217,10.709294,0.9862542955326461
24,274,884,1162,14.804419,11.650471,1.0
25,277,886,1162,16.747509,4.901841,1.0
26,160,1003,1162,20.488003,6.4194727,1.0
