track_id,observations,segments,first_time,last_time,observed_duration_s,total_distance_m,mean_speed_m_s,max_speed_m_s,mean_acceleration_m_s2,time_span_s,duration_s
14,971,12,5.32,46.44,38.76,85.3296884903179,2.2136515957865956,8.90455099638009,0.05432222143487114,41.12,41.12
4,1106,3,0.04,46.44,44.24,85.18265216278233,1.925312530912836,8.26045594505439,0.011149219481063384,46.4,46.4
11,1035,5,4.44,46.44,41.44,80.69447854327964,1.9521245558140714,8.742985848353143,0.15552592952566272,42.0,42.0
0,1127,3,0.04,46.44,45.16,74.73519239612442,1.6550754000239163,10.227598418109945,0.17379224622561446,46.4,46.4
15,851,4,10.6,46.44,34.04,69.89929328079222,2.059023140074126,6.515439786860257,0.08745107601716418,35.839999999999996,35.839999999999996
6,896,3,0.08,36.32,35.84,66.19697234599934,1.8492242367485618,14.66479396584067,-0.1397586965386792,36.24,36.24
8,807,2,0.64,33.04,32.28,56.46571004757483,1.7526102409401234,12.605936619966148,0.06565897620179698,32.4,32.4
20,495,1,26.64,46.44,19.799999999999997,55.670773877114485,2.813230365707538,7.192020397977966,-0.04322288783489146,19.799999999999997,19.799999999999997
1,675,6,0.04,32.68,26.76,49.591401969920156,1.8531914039581525,9.864914633407132,0.31854591724832515,32.64,32.64
17,484,5,12.44,32.24,19.160000000000004,38.24021094795957,1.9958356444655316,9.742818460908586,-0.09855474305317369,19.800000000000004,19.800000000000004
13,509,5,4.96,26.32,20.24,37.64323633157887,1.8659368994997372,9.231754623482475,-0.21268692109330126,21.36,21.36
9,236,6,0.68,10.96,9.32,34.516509721567864,3.737191914604405,18.38389396742368,0.388269175932132,10.280000000000001,10.280000000000001
25,277,1,35.4,46.44,11.04,26.440745185212386,2.394995034892426,7.561042858001997,-0.26355385067144377,11.04,11.04
23,287,2,34.84,46.44,11.399999999999991,26.023697768389255,2.2827805059990576,7.0878532943116115,-0.11217122346886452,11.599999999999994,11.599999999999994
12,174,2,4.68,11.88,6.920000000000002,21.076270553426255,3.061565402224468,7.001830350487091,0.5740243907972278,7.200000000000001,7.200000000000001
24,274,2,35.32,46.44,10.879999999999995,19.40375713129713,1.7834335598618705,6.8561369257860445,-0.32754357712382554,11.119999999999997,11.119999999999997
26,160,1,40.08,46.44,6.359999999999999,11.728642865060388,1.8441262366447129,4.096381263029488,0.0175384731437109,6.359999999999999,6.359999999999999
2,74,1,0.04,2.96,2.92,8.32402161775436,2.850692334847383,4.805195139913683,0.4524914139630354,2.92,2.92
5,62,2,0.08,2.68,2.4000000000000004,8.301212539270455,3.4588385580293557,8.19266649895454,-0.49015907834577194,2.6,2.6
3,76,1,0.04,3.08,3.04,7.784733813107276,2.5695502090700586,6.1140606890286655,0.5489294607908421,3.04,3.04
7,50,1,0.16,2.12,1.9600000000000002,6.0968788802295935,3.1106524899130577,6.838871075996375,-0.41199628607200106,1.9600000000000002,1.9600000000000002
10,22,2,3.24,4.16,0.7999999999999998,1.7655078474023325,2.206884809252915,3.4904287586663227,-1.5217734903354594,0.9199999999999999,0.9199999999999999
